Size,Time
5,0.3051688671
10,0.1747648716
15,0.01242113113
20,3.487661839
25,0.1993420124
30,1.022098064
35,4.657256842
40,8.451047182
45,10.74686813
50,14.10435987